﻿Contract,trans_num
0xc352add7ad8cac8baa839d8c88e7e9d7df9a219b,105005
0xed59cf07c469f071fa1eb268f3b62d744ae572c0,40688
0x582e3d8dcd41f586fbcc6559f16476d20b2a3b95,21391
0x43f208d94a82cc2749a140b5e82636f31ce0390d,13969
0xdd97853ba34af302f3d6a6415a750ae38e26d1fc,11858
0xfc5de599c9fe4e5cf0744aef3139ae53aa30a566,6148
0x2101ba900918345003585b0a17de91570609d706,5162
0x5fb3d432bae33fcd418ede263d98d7440e7fa3ea,4530
0xe648ae88a6d9b3373e115e3414be91b7cf12de4c,3935
0x1fe7a92013b295ff98da0954b7a08e603754a1bf,3822
0x9a2e9235f7a7ac7b899e5f3208fbb13c6985171a,3372
0x109c4f2ccc82c4d77bde15f306707320294aea3f,2929
0x4fb663c1616bfe80b5b6d5a214efa81d5a121801,2855
0x75aa81161e07483f6ca199fef46c13eb13d190be,2712
0x723dff0e27cc38b80556f5e05dfdbdcb721654d7,2319
0x294308484f47ff5a833a284ac6949eb02728fbe4,1966
0x9758da9b4d001ed2d0df46d25069edf53750767a,1956
0xba69e7c96e9541863f009e713caf26d4ad2241a0,1935
0xe19e5f100d6a31169b5dca265c9285059c41d4f6,1911
0xb5aff01f3e820735fac9abb594dc9993cb9e5bd2,1861
0xba6284ca128d72b25f1353fadd06aa145d9095af,1811
0x43bbc7fafb860d974037b8f7dd06b6f6fe799b3e,1636
0x3325439082ff8ba7371dfdaa1af297bbfcac21b2,1347
0x1213c29b5e1a6f33e0d044f850a57b665e3cde21,1340
0xfd2487cc0e5dce97f08be1bc8ef1dce8d5988b4d,1300
0x446d1696a5527018453cda3d67aa4c2cd189b9f6,1285
0x4865e85c72a27ca6c362da75ba6707c07464b953,1279
0xe82719202e5965cf5d9b6673b7503a3b92de20be,1269
0xa9e4e3b1da2462752aea980698c335e70e9ab26c,1176
0xf45717552f12ef7cb65e95476f217ea008167ae3,1125
0x7d56485e026d5d3881f778e99969d2b1f90c50af,1086
0xdcb13fa157eebf22ddc8c9aa1d6e394810de6fa3,1035
0x3df616ee25ba3fa146544ab595f106bff5ac4397,887
0x311f71389e3de68f7b2097ad02c6ad7b2dde4c71,884
0x215ce36e90b1b64e6fa2e358305177f8fe5daf25,694
0xc249fe0288e75e47e62b138de8d020c9fee5a9f5,576
0x67ad530ecdfd7ac8289362914e88d018e8b3f3f0,568
0x2cdb253c0e44a284f6174ae90b5ea247e6cf3649,530
0xc601f6938c75c4ca03eaad570701d86e607771db,523
0xfad05ee13c8e0ec94e5ee9dc056dc451b2ad6b1d,520
0x7b307c1f0039f5d38770e15f8043b3dd26da5e8f,496
0xa25560d083fe0ea3e303c11577b5a345b236fac7,492
0x339150b0851bc5b3c0323789a58cc4e4afb38b37,483
0x02c60d28be3338014fef3fdf50a3218b946c0609,443
0xbf91b27fec3146a1b36069f92337a0ea330725df,434
0x0135c9a7bff72aa26e1d105ff5000e454e4dde7a,366
0x82aa987a16deafd8b4fab73ec316f94f4df43020,360
0x7011f3edc7fa43c81440f9f43a6458174113b162,347
0x29bef3878b85522ef2afa541dd7477c9e0a2c122,336
0xb328f05fa01cc2f9add1ed05c5636e7d9c9b9954,327
0xf8f04b23dace12841343ecf0e06124354515cc42,316
0xd3ac627abdc1ce6c27c04b37c86e368f754f2995,316
0x536a6ba0d913d5d6a4ce2c6eb7ed0de3c0f0b89e,300
0x8b7c1450d435f2932e6a7225593d14a4dcf0372d,286
0x44357ae7512fe99f55cb94a85f3e947b9143e76c,283
0x7bd83b818fb88239a8ece4c95837dc5746af32cc,244
0x24ddd6e7d5cdc29251caa00e46c7f3c738a78070,237
0x4e88419be4e8643d98b15f8b6cf9cf3f6ef1fbfd,230
0xa38feb7b0aaad949a1b99ff516d4e3ea2e317bbf,230
0xbea72b7da261bb0a488a5d07f01b16516ba2edef,204
0x660c46a5650fb0619f603a2f4d73a1cdf8cd00d6,183
0x465cd6299775dc459a23c80997d2664656be9780,183
0x4f3db6d4c97b8248ad5e244e4f619086084f6848,174
0x3da6d8f14dfcd576c46f9994d8fd94883a8f3fe8,173
0xb10ea0d397db942a1083a4af9c6074ab63bc8c8b,169
0xdbb6b23520472c5070078cd3e7097b36b001fb57,167
0x13afabf464f7d3e6c7cf0e685181d9da3935e01e,158
0xc0b52b76055c392d67392622ae7737cdb6d42133,139
0x4b8705b0f740f7b51d746c0f626d06b8cf25814b,128
0x8fd1a3ea61b1456be58e38b8c1bea49acb84b7fd,122
0xca7c390f8f843a8c3036841fde755e5d0acb97da,119
0x7fd6d3537b39842cfe16e813851296d4745b51a7,112
0xfe9c69945687539fabbf531133838d9cce522a76,107
0x85c84c949b1c29c85b777f2873a19450dbb1a057,104
0x6492904953ed9015d6b37f8063b65c8de105d837,103
