﻿Contract,
0xfaf4a5fbf621b049215c19a73babd0b94fd9155f,11761
0xf9a5e0436c01cc15708449e480fa5f2d6a5b55ca,11728
0xb47e3cd837ddf8e4c57f05d70ab865de6e193bbb,11585
0x5f742383b6d1298980030d6af943b76cdd902143,11517
0xd76b5c2a23ef78368d8e34288b5b65d616b746ae,11038
0xe7e01babb53c98f8d84d05dfff64ebb63ed37bf5,10956
0x91a57b2f6fa86b373bce5716eb26c81cbb004223,9922
0x701c244b988a513c945973defa05de933b23fe1d,9372
0x8effd494eb698cc399af6231fccd39e08fd20b15,9008
0x40349a89114bb34d4e82e5bf9ae6b2ac3c78b00a,8423
0x8c959f04ea4a9111a49dc34df9de59ca8e23037c,8324
0x77a77eca75445841875ebb67a33d0a97dc34d924,8184
0x4355fc160f74328f9b383df2ec589bb3dfd82ba0,7796
0xe75509810e09b04eef4ebd0b471bacf5530b162e,7472
0xd6a81d7a8b4d1cc947138d9e4aca5d3cde33a170,7323
0xb8789ac777710ee56e9f8c4bb3ff67a8e436c34d,7003
0x755cdba6ae4f479f7164792b318b2a06c759833b,6691
0xd42433a8a0a1ceb73c8ff4e432463e2ee109039d,6626
0x08d32b0da63e2c3bcf8019c9c5d849d7a9d791e6,6557
0xb95dd00b76c15b11ae82e875e9719029cd4d2110,6407
0x2ab9f67a27f606272189b307052694d3a2b158ba,6237
0x4b92a948ced9d457b4655abf62ed930a090f8566,6153
0xd48e165b0027e8055b3b7016a35078b23527a95d,5921
0x422adcf787e49dd93ce10a583655c212e00d42ce,5904
0xd43d09ec1bc5e57c8f3d0c64020d403b04c7f783,5788
0xf8094e15c897518b5ac5287d7070ca5850efc6ff,5630
0x8b7b6c61238088593bf75eec8fbf58d0a615d30c,5546
0x1d979bd0b663040f2fe8a9854a8569919ae153ac,5076
0xffc08dd84a66775e6236e0a80ee2f340e0042f8c,4795
0x051fda7486480dd5abcf5dd742ef002a2ebb9ea0,4725
0xf46ede17c0bab20d87cd079a2632f71433a407b9,4667
0x90fc38eb9592940e6d5bae221313d749ee26369b,4527
0x5f6a9a1b4587759dcfec19f6c8e207e73ed988b8,4512
0x56ba2ee7890461f463f7be02aac3099f6d5811a8,4480
0x422866a8f0b032c5cf1dfbdef31a20f4509562b0,4476
0xe05cedd2838e4e1d99b539d8c768d6ef2a10f729,4426
0x6c8f2a135f6ed072de4503bd7c4999a1a17f824b,4381
0xcfb98637bcae43c13323eaa1731ced2b716962fd,4376
0xd3c9836230d43e85c643607cec509138f2955da8,4327
0xb9aac097f4dadcd6f06761eb470346415ef28d5a,4268
0x3dd88b391fe62a91436181ed2d43e20b86cde60c,4257
0x3cd4351f3c962f871024efef2922ae39896e4761,4140
0xb2f6ebe8e606e7b18c78b19a3c5969618fa599da,3939
0x75a931567048edd4f349fa1a1cfbc4b4dca352c9,3860
0xf5096917729885ef5b1a8c4ef238d3cf06028ee7,3775
0xbc9ccc8a46d424de38b2e4df5f4a5001321c5d4c,3717
0xa723606e907bf84215d5785ea7f6cd93a0fbd121,3479
0x741fc999f5b62c80831cf659aed04c64ac8ef24e,3330
0x882448f83d90b2bf477af2ea79327fdea1335d93,3182
0xbf29685856fae1e228878dfb35b280c0adcc3b05,3141
0xc3b643bb85318b6a0e1b46c30365adacdf9469c2,3024
0x230cacd4242bdb5b9f7178eb1db0ad109ec76ca0,2970
0xb56c725467c7eec851b1a4a4222d930932b04e89,2868
0x035a401972f228b58dcae76bf318b54ed036d680,2791
0x574fb6d9d090042a04d0d12a4e87217f8303a5ca,2723
0x599a4b8188676224d4c9b393b947e332b60b15e3,2701
0x4038e930ad78c53dc885a6b3a7d9db0d317c8662,2649
0x6fff3806bbac52a20e0d79bc538d527f6a22c96b,2598
0x3f0624d68a16f19428584333c1871cdfba0ba870,2544
0x0fb81a518dca5495986c5c2ec29e989390e0e406,2370
0xa419515d1a8393af96618a69ac4a06911f7dab6b,2363
0x3b505511a928c04423df358b8f1fa7d231fb2a49,2303
0x53ce47cbe7f2be0aecd086a70182a98c907d024d,2296
0xfb6916095ca1df60bb79ce92ce3ea74c37c5d359,2256
0x908c41461cddefb9f7b4d90c03b66c1c52ab6093,2250
0x76bc9e61a1904b82cbf70d1fd9c0f8a120483bbb,2181
0x1cce39da85ff2d5ceae92a810447b52df13f9267,2150
0x55ae5792903b179915e10065e26610435832a3f7,2147
0x28c424094a5452117078a4fc5cd09bf03ac40b95,2128
0x9b60874d7bc4e4fbdd142e0f5a12002e4f7715a6,2098
0xca53e73938b5a3c484331b50d9f67aa7c878ac76,2088
0x96a65609a7b84e8842732deb08f56c3e21ac6f8a,2055
0x362bb67f7fdbdd0dbba4bce16da6a284cf484ed6,2026
0x71c2683152b632fa1d515a3df067825e2b240216,2009
0x793ae8c1b1a160bfc07bfb0d04f85eab1a71f4f2,2005
0x41ff0796a6c7a201476bff53c4cb2c48b084e5e0,1958
0xc03281af336e2c25b41ff893a0e6ce1a932b23af,1930
0x2612a761fa34a8e5b8613c2df67c3163094da68c,1898
0x6e0ec952e49212f2e2e2f94fedaa84f5c044acef,1863
0x373c55c277b866a69dc047cad488154ab9759466,1848
0x6822aaf4ab22e6cca8352a927b9ae0a8fdb58d9d,1841
0x4b667a378c1d9b2134cc4fa02d9cfba2cc2b11d4,1829
0x6dd38916b8c3780fd487980c54c90c175017664c,1733
0x5d9b8fa00c16bcafae47deed872e919c8f6535bf,1719
0x49edf201c1e139282643d5e7c6fb0c7219ad1db7,1685
0xac709fcb44a43c35f0da4e3163b117a17f3770f5,1656
0xf05a9382a4c3f29e2784502754293d88b835109c,1646
0xb671c3883307cf05bb3dff77a9754e87b4347195,1643
0xec33fb8d7c781f6feaf2dd46d521d4f292320200,1584
0x108284702b23504de29d3293f2530255c6b3ccea,1579
0xfa05a73ffe78ef8f1a739473e462c54bae6567d9,1526
0x1d0dcc8d8bcafa8e8502beaeef6cbd49d3affcdc,1517
0x6067f3fe6e565f515c2c43b84582e1acc618c521,1511
0x1103849f41222a4c348515331f0e734d4bd9ad34,1484
0x600e18779b6ac789b95a12c30b5863e842f4ae1d,1434
0xb9e0fc2a1c9d567af555e07e72f27e686f2c6872,1426
0x55c44fbad82686afb0ca41cefb8d086cb937b2e6,1423
0x0ccb03cb1a89808209eaebbcb059ed05e44cb9cf,1389
0xd939cdb6b110c96b1758adab5cab1e836ddbdd2b,1360
0x8b34fbc553db3462ad4909f2e5577cc22f63c216,1348
0x29aa20fb9b23421e310bdb8a7cfb81d7fbb4a1b3,1345
0x63c0f17c1f72e1315e3d4f8a89a37d95f1314793,1286
0x820b5d21d1b1125b1aad51951f6e032a07caec65,1281
0x9ae98746eb8a0aeee5ff2b6b15875313a986f103,1273
0x90528aeb3a2b736b780fd1b6c478bb7e1d643170,1241
0xf0160428a8552ac9bb7e050d90eeade4ddd52843,1238
0xcf965cfe7c30323e9c9e41d4e398e2167506f764,1204
0x9aca6abfe63a5ae0dc6258cefb65207ec990aa4d,1196
0x8d790f3989b6d24f38beb978c1c813d608bb0c81,1177
0x7600431745bd5bb27315f8376971c81cc8026a78,1128
0x5f0281910af44bfb5fc7e86a404d0304b0e042f1,1127
0x4aea7cf559f67cedcad07e12ae6bc00f07e8cf65,1125
0xf8fc0cc97d01a47e0ba66b167b120a8a0deab949,1109
0xb1021477444c6566509e1b80d2c99e9603a31c47,1109
0x3039d0a94d51c67a4f35e742b571874e53467804,1088
0x1ca4a86bba124426507d1ef67ad271cc5a02820a,1076
0xe8baf9df0ded92c5f28aab97f13936e7716a4a5b,1074
0x91efffb9c6cd3a66474688d0a48aa6ecfe515aa5,1030
0xcc4ef9eeaf656ac1a2ab886743e98e97e090ed38,1004
0x5b5750f5a140f4780ef59e33597e073d4a8d3adb,982
0xd4160356a4e81f008b86f9867e71d1e1404c5292,973
0x2dbe0f03f1dddbdbc87557e86df3878ae25af855,970
0x05240da139d30034eaae15737610bfbe68b97910,969
0xbdf5c4f1c1a9d7335a6a68d9aa011d5f40cf5520,941
0x7ec6a713197fcbb4cfe7213800470b0940268549,863
0x97ee19d8c8b2d607af236d8beddf9f45aca99585,835
0x851b7f3ab81bd8df354f0d7640efcd7288553419,813
0xda2cf810c5718135247628689d84f94c61b41d6a,784
0x6ccb56947ea1d6efdc81acfbacd8263ddfa9b202,774
0x6d85320c086aee2ecd2693855fb2164c494fd251,765
0x2ef76694fbfd691141d83f921a5ba710525de9b0,763
0x4c13184721de2d1b47a8875775ba3ce0b2e00ee0,761
0xbc1ab7f58a95cf307ba5ee18cf06b7ed0120da7a,756
0x84bfd848717d60e01805b34d38a0d8b1f2bc4e85,755
0x012233b3c8177f0778d910ed88170b82de3bfe57,752
0x7b79387dd30dc6848dd2308c825b6802e99abc84,746
0xea1f346faf023f974eb5adaf088bbcdf02d761f4,726
0x0f33bb20a282a7649c7b3aff644f084a9348e933,724
0x50739060a2c32dc076e507ae1a893aab28ecfe68,724
0xcc89405e3cfd38412093840a3ac2f851dd395dfb,712
0x1e797ce986c3cff4472f7d38d5c4aba55dfefe40,681
0xc2752063c9a01a3a0a11c84dd5a463373f133cfe,677
0x5fe5b7546d1628f7348b023a0393de1fc825a4fd,672
0xcf7cba701ded5c4d8e588e64f70b6ba1c17ea277,649
0x99892ac6da1b3851167cb959fe945926bca89f09,630
0xa74476443119a942de498590fe1f2454d7d4ac0d,624
0x75a32cc1bfa5c32fe428dea7c40693d7004884da,617
0x66e32d375642ce9c8202caea1f6a83b0c3caf32c,610
0x70c4eea814bee9b74cafeca0200991bb0d8a4320,586
0x6dfaa563d04a77aff4c4ad2b17cf4c64d2983dc8,577
0x575cb87ab3c2329a0248c7d70e0ead8e57f3e3f7,564
0x2f50ab197f950e0c2184cf5d804f4141502cd987,564
0xa971afdca01bd1ca1499346e730a3d1dc06a3a9d,562
0x6d997edca04282950416fa380d834f360fc36ebb,560
0x30cefbcb5c26a5b19a019092ab8d09f8739c904f,548
0xd29ba5f94fb91eefc5e3aaf69f181febed73930e,544
0x60aa80fe41b43c180870a137c7a87334e5c3cb5d,541
0xe9958afac6a3e16d32d3cb62a82f84d3c43c8012,539
0xfed8dfb896ff7081851c56a2652240568d2c513f,527
0x3931e02c9acb4f68d7617f19617a20acd3642607,526
0xa66d83716c7cfe425b44d0f7ef92de263468fb3d,518
0x460f5bf9f5ccfc99243aa4145e4e40c6a6fd9624,509
0x59a048d31d72b98dfb10f91a8905aecda7639f13,508
0xf0a924661b0263e5ce12756d07f45b8668c53380,506
0x0b4940b7b951ae6319d9f540cda0b85753ef7cd8,504
0x2584f892a2e50b5493ed108fa61888ba373ec02d,504
0xc0adf1ccc703a0a3393892600883a1a91a4e38de,503
0xd8912c10681d8b21fd3742244f44658dba12264e,498
0x6750c97aa8a1b388ed560a06aefd64d457455ba7,488
0x1be116204bb55cb61c821a1c7866fa6f94b561a5,488
0xb5b8749355b89bcb04dd70001cea1b98a81ffe61,488
0x23141df767233776f7cbbec497800ddedaa4c684,470
0xa9e2320d9e6c17eb45a921cb2698b42256f5e142,469
0x34abcc1fdedb49c953445c11a71e428d719ba8d9,461
0xc9c7db3c7a2e3b8aca6e6f78180f7013575392a3,456
0x99d439455991f7f4885f20c634c9a31918d366e5,456
0x3fccb426c33b1ae067115390354b968592348d05,454
0xfe2f0a2d25639366b19e4105068720837277e70f,448
0x91c94bee75786fbbfdcfefba1102b68f48a002f4,442
0x0bb3b818a83cfd8c1c86082a4ce191188ebd8f12,442
0xa2d4035389aae620e36bd828144b2015564c2702,440
0x83cfd2d33bb9ed552a1e4b6af1bc3ea73bdee4f0,414
0x68d44a267aa3c66242adf021d2d4658b6d60dd2c,412
0x19076bd01e86fa3d76334e27d4b8e6789688a42d,408
0x202bd96042127975114d8b2b1f0ef429a235313f,407
0xa6d3ab499f7b20ce2a9ab5660415ccc19e42c4df,400
0x20d42f2e99a421147acf198d775395cac2e8b03d,397
0x0348b55abd6e1a99c6ebc972a6a4582ec0bceb5c,392
0x8702b8d7a1eefec7e54636e26a9323dc96a8dc25,374
0xaf30d2a7e90d7dc361c8c4585e9bb7d2f6f15bc7,371
0x2c2e3baa2191cf325a28a01ff42340f2ae677572,371
0x302fe87b56330be266599fab2a54747299b5ac5b,359
0xc936a131b1f1576ccadb8196d91ecbf108d11d01,352
0x4dc868d79611c2bdca51dee62873eb3a31423b47,351
0x1a70fe4c8a7ba52fd4b14a207928df42cf9d7daa,346
0x8a99ed8a1b204903ee46e733f2c1286f6d20b177,342
0xfc668ae14b0f7702c04b105448fe733d96c558df,342
0xccadc21564e5c44032b7f44494de425c1066219c,336
0xea6278dbbe7cbb567e9e825d998c05432f0bdcf3,332
0x97282a7a15f9beadc854e8793aae43b089f14b4e,331
0xd79b4c6791784184e2755b2fc1659eaab0f80456,328
0xc8d9890df1ff2e87be05e9edab3cca26f054b611,316
0x162ac26e2f0fe036c3a3d370c118de0b6c883083,314
0xcced5b8288086be8c38e23567e684c3740be4d48,313
0x91aba36a26c653aba26bf768bc203254cb2bb910,306
0xa1877c74562821ff59ffc0bc999e6a2e164f4d87,305
0x8d2aae6a7eb63ba89c36e82385f096d41074cd87,289
0xc2d346915414047795418b16694ca0b3f01251a6,288
0x89c1b3807d4c67df034fffb62f3509561218d30b,282
0x3bf541f87056d134e0109be1be92978b26cb09e0,280
0x2c39f92294f436c956f12dcd801a3181e77f8851,278
0xa38d8109127028d3e1774413ef28db70c471cb54,274
0x2ca72c9699b92b47272c9716c664cad6167c80b0,266
0x110c11de11cce962604c28bb05bbc399cbaa7bda,265
0xe5d0c3fea1e5f01ca4098e9580b93b3b5d0ea768,265
0x954878c70dbbd09dba501efca4c6b6e1f70067a3,264
0x594f1b4fa77be53c36001b2a207e58d8bcbf3d4f,261
0xb0f94af0cfccc76113bb5ba2c2d89d56221b18a5,258
0x2d68a9a9dd9fcffb070ea1d8218c67863bfc55ff,258
0xf8eb1928b7b247e5ab607785afe869d7daf78a6f,252
0x3f2d17ed39876c0864d321d8a533ba8080273ede,251
0x0a630de26e5b41eaef08741e74da4018a6c2e14c,244
0x0851185501ba44e84fd8af13ade44846f00890b7,239
0x1eb0d4794d4067ed004c9d55ff6eb50620b27c58,238
0x2f5e044ad4adac34c8d8df738fac7743eda1409c,238
0xcb22b112bfb0b01ba37a5a74c2be29120e510ed6,234
0x7a134ef9a957f2a8af3bd4a4cad2dbc6a0de7f8a,234
0x709c7134053510fce03b464982eab6e3d89728a5,231
0x146e59f69a68b645367bdc94f3855df0d8214f4d,231
0xc5c49c5f57d9f1635dde956c6858146717879600,229
0x8f951903c9360345b4e1b536c7f5ae8f88a64e79,228
0x5e954deb1ec021c93a2a484e32e741f233ef6c02,228
0xae89c8d6b98432df28242899b3688cc8e3d45ea3,227
0xfc5ecc864a5f3ebbc0d63f4c4a968cab99a6c580,223
0xb9132c68dd9f8b35334ceb2171c6b9fc09fc9233,222
0xc8e3aa7718cf72f927b845d834be0b93c66b34e1,220
0x96499b84d5f704b6e660376116e3e0fc857f3cf8,218
0xdb2c47230ff7bd408bd9b07ef6dd58f331e24a3f,217
0x2b08f3ab8986075f8691ea9abc393642964e64c5,216
0x60cd862c9c687a9de49aecdc3a99b74a4fc54ab6,213
0x1bcbc54166f6ba149934870b60506199b6c9db6d,210
0x77faed976e187f26b49e78be8418ab074a341f26,210
0x17fd666fa0784885fa1afec8ac624d9b7e72b752,208
0xdd88c4d189585b650a3fe3d0e39147fcca59ec32,206
0x92bcbc2240d581a3fac5911cb4d807e7a79590d8,205
0x4e260e3ca268e40133c84b142de73108a7c1ec99,204
0x8d18fee3552179082064abc5ef0b97c529a616b0,204
0x949c9b8dff9b264cad57f69cd98eca1338f05b39,198
0x25db0f59bf166c49d1f859c9cb5928cbbf685981,198
0xf0186279adcb58b001862bb8df0bd69713b0cdb4,198
0x4d54be5a62f5d9fcf4b17c7ab6e68822c142ec6b,197
0xe736091fc36f1ad476f5e4e03e4425940822d3ba,194
0xe9c417eae5e9be4a4837b844795f67f9681df69f,192
0x437cf0bf53634e3dfa5e3eaff3104004d50fb532,188
0xda8fe472e1beae12973fa48e9a1d9595f752fce0,187
0x0d8775f648430679a709e98d2b0cb6250d2887ef,186
0xd7dc42b78b5ca37ff5493598d5b6978dc98c3b38,185
0x7a93f0d9f302c0818022f8dca6ee1eb0f1b50308,184
0x33a683a7af55942220e4efec514da11b5dc47996,183
0x8fbbffe883bd8958b5324a9dba3987b4b2271379,182
0x9ea80e204045329ba752d03c395f82a12799f13d,181
0x0b8d56c26d8cf16fe1bddf4967753503d974de06,179
0x102580c6308a4ec4708c8241bd29d1c02e1f9a2d,174
0xaf2b8e6114da000176c506f77b173251c16b511d,171
0x9a134ce4bbd8c7b3a262774fafd60b7f7ce3655b,170
0xc39d73fca64d4ffe2c78fb17e61b9c8489f7c5fb,170
0x013fbaed9c80cc4422ff50d71f4dc622bc7c8ae2,170
0x397b059f4a3d9a5307ff2b2f8c5c01d1bf316217,168
0xe709c6c933bda30963274d5bdd1e556c655c59fe,168
0xe1a6b457841ec3201a541e823b916bbd0885e1db,165
0x7753a9d834844cfde5c211ec3912b49f0d8b8e11,161
0xaf32279149101fa3f6e3d1768f051593049dcd9f,160
0x0174312e4aef436606ffdeb4d05d22fb68f36ba0,160
0x72a68fb6d91ed8dc47b564e088e518c6d4a6ff44,160
0x0f82c7eab8f7efb577a2de9d2b7e1da1d0b6870e,158
0xee9147dd0307e4a663d0f756549d47d6f8bd356b,155
0x7f0fd8fa402d56dca1f4baa9bf3880721c274d53,155
0x5ac0197c944c961f58bb02f3d0df58a74fdc15b6,154
0x807a3ef8a8dbdd7fc9863df695bbe8691e450e8e,153
0x83f602311629f84929804b7e00adc67e17eda7fb,152
0x5a30b9d5df526e3ff1517497a8fae401fb28a712,150
0x92033cc5d60de8fc01e7d4125713e05194989e1e,150
0xd566fa4a696eac66f749f7fe999d6673fee2026c,148
0xc96eec418b50c538c3f3e32e71575da068a97401,146
0xaae10c1223df062e2df6982a80621977fa8b2d34,145
0x8302d67bdc44dc0457e0c80312142dd353c9948d,144
0xcc88937f325d1c6b97da0afdbb4ca542efa70870,143
0x6ba6f2207e343923ba692e5cae646fb0f566db8d,142
0xb5fe93ccfec708145d6278b0c71ce60aa75ef925,142
0x5c430fa24f782cf8156ca97208c42127b17b0494,141
0x221ea1b119b4aa2c6b4e2282ab0b621b1f54cf61,140
0x456c4350eefd17315713b265d8be8b6063a5fab8,140
0x3b1c6004e43bf49c521eb382dec02e6c3ff5272a,135
0xce5c603c78d047ef43032e96b5b785324f753a4f,135
0xda4a4626d3e16e094de3225a751aab7128e96526,135
0x9fa8fa61a10ff892e4ebceb7f4e0fc684c2ce0a9,134
0xba54a9aa2a711883aa5fc87ae9e7127ba405dac9,134
0x075a5d77e17502aba0388746aa229bb33682f521,132
0x5a2a454675c1b659caa58b5675ee759b992b84b1,132
0x7ed58877581d07bb4238a8b4d341e54c609b73c2,132
0x6369e56e1b8499a62d8632bae7becb9f437eef98,130
0xabea74917283a8662865894c7d6cfecafd85ceb6,130
0xcafe1a77e84698c83ca8931f54a755176ef75f2c,129
0x4e0603e2a27a30480e5e3a4fe548e29ef12f64be,127
0xc0506ceb264b057182a4c3ab8a0b910a545479f0,124
0xcd3e727275bc2f511822dc9a26bd7b0bbf161784,122
0x7b4700f2a2e0765aab00b082613b417cecd0f9f0,118
0xb36ce92cad11e7a9b903531f30590ebc2e991ea6,118
0xc330c1a3c7db9c75f60aed0a9b7c0fc5fa22d5a2,118
0xadb6e66f41fea754ea91d46c63e5211b889aaecb,116
0xab6cf87a50f17d7f5e1feaf81b6fe9ffbe8ebf84,116
0xde5ebd0b8879b0a42b23b37e4d76a5e21a0bef4b,116
0x5678bcea6d6f33f645dca8c8c9b7d8d5caf0a2b1,114
0xe26517a9967299453d3f1b48aa005e6127e67210,113
0xd72ead482b15197b99f74d846e8180d7f33670df,113
0x812ade7bc90c34e8b2ca92590e525305c85f2d03,111
0x66d58f0a2a44742688843ceb8c0fa8d8567e3c54,110
0xf2fd0c1eb5a2989e32ce929276463164410796b4,110
0x24c613bac796c04bfd0647d75d836cf28d0940ee,108
0x58dd96aa829353032a21c95733ce484b949b2849,108
0x78c6b7f1f5259406be3bc73eca1eaa859471b9f3,106
0x39df5af51c47256e5c63b3dae1a21f3da4a58e89,106
0xb40d0312bac389ae0a05053020aac80c9237358b,103
0x9b0f6a5a667cb92af0cd15dbe90e764e32f69e77,100
0x6022c6c5de7c4ab22b070c36c3d5763669777f68,100
